<?xml version="1.0" encoding="UTF-8"?>
<actions>
        <action>
            <actionName>build</actionName>
            <packagings>
                <packaging>*</packaging>
            </packagings>
            <goals>
                <goal>install</goal>
            </goals>
            <properties>
                <skipTests>true</skipTests>
            </properties>
        </action>
        <action>
            <actionName>rebuild</actionName>
            <packagings>
                <packaging>*</packaging>
            </packagings>
            <goals>
                <goal>clean</goal>
                <goal>install</goal>
            </goals>
            <properties>
                <skipTests>true</skipTests>
            </properties>
        </action>
        <action>
            <actionName>build-with-dependencies</actionName>
            <reactor>also-make</reactor>
            <packagings>
                <packaging>*</packaging>
            </packagings>
            <goals>
                <goal>install</goal>
            </goals>
            <properties>
                <skipTests>true</skipTests>
            </properties>
        </action>
        <action>
            <actionName>clean</actionName>
            <packagings>
                <packaging>*</packaging>
            </packagings>
            <goals>
                <goal>clean</goal>
            </goals>
            <properties>
                <skipTests>true</skipTests>
            </properties>
        </action>
        <action>
            <actionName>run</actionName>
            <preAction>build-with-dependencies</preAction>
            <packagings>
                <packaging>jar</packaging>
            </packagings>
            <goals>
                <goal>process-classes</goal>
                <goal>org.codehaus.mojo:exec-maven-plugin:1.2.1:exec</goal>
            </goals>
            <properties>
                <exec.args>-classpath %classpath ${packageClassName}</exec.args>
                <exec.executable>java</exec.executable>
                <skipTests>true</skipTests>
            </properties>
        </action>
    </actions>
